<prezi xsi:schemaLocation="http://prezi.com/schema/prezi/2 http://prezi.com/schema/prezi/2" xmlns:xsi="http://www.w3.org/2001/XMLSchema-instance" version="2" xmlns="http://prezi.com/schema/prezi/2"><xFields><xField name="preziType"><xEnum type="PreziType" value="converted-from-core"/></xField></xFields><background><background><layers><array><backgroundImage><assetSourceFilename><string value="Comp 2_1.png"/></assetSourceFilename><depth><double value="7.062310765088025"/></depth><fadeScale><double value="0.31151277155283597"/></fadeScale><height><double value="3500"/></height><localToWorld><transform2D x="-1091.601559369023" y="-12453.95997440245" scale="17.670171640794436" rotation="0"/></localToWorld><onlineAssetId><string value="1504768593"/></onlineAssetId><onlineAssetUrl><string value="http://0103.static.prezi.com.s3.amazonaws.com/media/e/6/9/2ebfe7572200299f76fbf005625236b733aa2.png"/></onlineAssetUrl><width><double value="3500"/></width></backgroundImage></array></layers></background></background><documentStyle><documentStyle><fontClasses><array><fontClass><fontFamily><string value="Arimo"/></fontFamily><name><string value="body"/></name></fontClass><fontClass><fontFamily><string value="Questrial"/></fontFamily><name><string value="custom-questrial"/></name></fontClass><fontClass><fontFamily><string value="Arimo"/></fontFamily><fontWeight><fontWeight value="bold"/></fontWeight><name><string value="head"/></name></fontClass><fontClass><fontFamily><string value="Arimo"/></fontFamily><fontStyle><fontStyle value="italic"/></fontStyle><fontWeight><fontWeight value="bold"/></fontWeight><name><string value="strong"/></name></fontClass></array></fontClasses><fontFamilies><array><fontFamily><fontFaces><array><fontFace><fontSrc><string value="Arimo-Regular.keg"/></fontSrc></fontFace><fontFace><fontSrc><string value="Arimo-Bold.keg"/></fontSrc><fontWeight><fontWeight value="bold"/></fontWeight></fontFace><fontFace><fontSrc><string value="Arimo-BoldItalic.keg"/></fontSrc><fontStyle><fontStyle value="italic"/></fontStyle><fontWeight><fontWeight value="bold"/></fontWeight></fontFace><fontFace><fontSrc><string value="Arimo-Italic.keg"/></fontSrc><fontStyle><fontStyle value="italic"/></fontStyle></fontFace></array></fontFaces><name><string value="Arimo"/></name></fontFamily><fontFamily><fontFaces><array><fontFace><fontSrc><string value="Questrial-Regular.keg"/></fontSrc></fontFace></array></fontFaces><name><string value="Questrial"/></name></fontFamily></array></fontFamilies><styleDeclarations><array><styleDeclaration><styleBlock><styleBlock><gradEndAlpha><double value="0.7"/></gradEndAlpha><gradStartAlpha><double value="0.5"/></gradStartAlpha></styleBlock></styleBlock><styleSelector><simpleSelector value="zCircle"/></styleSelector></styleDeclaration><styleDeclaration><styleBlock><styleBlock><color><color value="#000000"/></color><fillType><fillType value="linear"/></fillType><gradEndColor><color value="#CCCCCC"/></gradEndColor><gradStartColor><color value="#CCCCCC"/></gradStartColor></styleBlock></styleBlock><styleSelector><simpleSelector value="*.line1"/></styleSelector></styleDeclaration><styleDeclaration><styleBlock><styleBlock><color><color value="#E6E6E6"/></color><fillType><fillType value="linear"/></fillType><gradEndColor><color value="#E6E6E6"/></gradEndColor><gradStartColor><color value="#E6E6E6"/></gradStartColor></styleBlock></styleBlock><styleSelector><simpleSelector value="*.line2"/></styleSelector></styleDeclaration><styleDeclaration><styleBlock><styleBlock><color><color value="#9BC4F7"/></color><fillType><fillType value="linear"/></fillType><gradEndColor><color value="#9BC4F7"/></gradEndColor><gradStartColor><color value="#9BC4F7"/></gradStartColor></styleBlock></styleBlock><styleSelector><simpleSelector value="*.line3"/></styleSelector></styleDeclaration><styleDeclaration><styleBlock><styleBlock><color><color value="#F2F2F2"/></color><fillType><fillType value="linear"/></fillType><gradEndColor><color value="#F2F2F2"/></gradEndColor><gradStartColor><color value="#F2F2F2"/></gradStartColor></styleBlock></styleBlock><styleSelector><simpleSelector value="*.line4"/></styleSelector></styleDeclaration><styleDeclaration><styleBlock><styleBlock><color><color value="#D9D9D9"/></color><fillType><fillType value="linear"/></fillType><gradEndColor><color value="#D9D9D9"/></gradEndColor><gradStartColor><color value="#D9D9D9"/></gradStartColor></styleBlock></styleBlock><styleSelector><simpleSelector value="*.line5"/></styleSelector></styleDeclaration><styleDeclaration><styleBlock><styleBlock><fillType><fillType value="linear"/></fillType><gradEndColor><color value="#CCCCCC"/></gradEndColor><gradStartColor><color value="#CCCCCC"/></gradStartColor></styleBlock></styleBlock><styleSelector><simpleSelector value="*.poly1"/></styleSelector></styleDeclaration><styleDeclaration><styleBlock><styleBlock><fillType><fillType value="linear"/></fillType><gradEndColor><color value="#E6E6E6"/></gradEndColor><gradStartColor><color value="#E6E6E6"/></gradStartColor></styleBlock></styleBlock><styleSelector><simpleSelector value="*.poly2"/></styleSelector></styleDeclaration><styleDeclaration><styleBlock><styleBlock><fillType><fillType value="linear"/></fillType><gradEndColor><color value="#9BC4F7"/></gradEndColor><gradStartColor><color value="#9BC4F7"/></gradStartColor></styleBlock></styleBlock><styleSelector><simpleSelector value="*.poly3"/></styleSelector></styleDeclaration><styleDeclaration><styleBlock><styleBlock><fillType><fillType value="linear"/></fillType><gradEndColor><color value="#F2F2F2"/></gradEndColor><gradStartColor><color value="#F2F2F2"/></gradStartColor></styleBlock></styleBlock><styleSelector><simpleSelector value="*.poly4"/></styleSelector></styleDeclaration><styleDeclaration><styleBlock><styleBlock><fillType><fillType value="linear"/></fillType><gradEndColor><color value="#D9D9D9"/></gradEndColor><gradStartColor><color value="#D9D9D9"/></gradStartColor></styleBlock></styleBlock><styleSelector><simpleSelector value="*.poly5"/></styleSelector></styleDeclaration><styleDeclaration><styleBlock><styleBlock><fillType><fillType value="linear"/></fillType><gradEndColor><color value="#FFFFFF"/></gradEndColor><gradStartColor><color value="#FFFFFF"/></gradStartColor></styleBlock></styleBlock><styleSelector><simpleSelector value="background"/></styleSelector></styleDeclaration><styleDeclaration><styleBlock><styleBlock><borderColor><color value="#333333"/></borderColor><borderThickness><double value="1"/></borderThickness><fillType><fillType value="linear"/></fillType><gradEndColor><color value="#333333"/></gradEndColor><gradStartColor><color value="#333333"/></gradStartColor><thickness><double value="7"/></thickness></styleBlock></styleBlock><styleSelector><simpleSelector value="zArrow"/></styleSelector></styleDeclaration><styleDeclaration><styleBlock><styleBlock><borderColor><color value="#333333"/></borderColor><borderThickness><double value="1"/></borderThickness><gradEndAlpha><double value="1"/></gradEndAlpha><gradStartAlpha><double value="1"/></gradStartAlpha><radius><double value="0"/></radius><thickness><double value="100"/></thickness></styleBlock></styleBlock><styleSelector><simpleSelector value="zCircle"/></styleSelector></styleDeclaration><styleDeclaration><styleBlock><styleBlock><color><color value="#333333"/></color></styleBlock></styleBlock><styleSelector><simpleSelector value="zPencil"/></styleSelector></styleDeclaration><styleDeclaration><styleBlock><styleBlock><borderColor><color value="#CCCCCC"/></borderColor><borderThickness><double value="0"/></borderThickness><fillType><fillType value="linear"/></fillType><gradEndAlpha><double value="0.8"/></gradEndAlpha><gradEndColor><color value="#CCCCCC"/></gradEndColor><gradStartAlpha><double value="0.8"/></gradStartAlpha><gradStartColor><color value="#CCCCCC"/></gradStartColor><padding><double value="1.03"/></padding><radius><double value="10"/></radius><thickness><double value="8"/></thickness></styleBlock></styleBlock><styleSelector><simpleSelector value="zBracketFrame"/></styleSelector></styleDeclaration><styleDeclaration><styleBlock><styleBlock><borderColor><color value="#E6E6E6"/></borderColor><borderThickness><double value="0"/></borderThickness><fillType><fillType value="linear"/></fillType><gradEndAlpha><double value="0.8"/></gradEndAlpha><gradEndColor><color value="#E6E6E6"/></gradEndColor><gradStartAlpha><double value="0.8"/></gradStartAlpha><gradStartColor><color value="#E6E6E6"/></gradStartColor><padding><double value="1.03"/></padding><thickness><double value="8"/></thickness></styleBlock></styleBlock><styleSelector><simpleSelector value="zCircleFrame"/></styleSelector></styleDeclaration><styleDeclaration><styleBlock><styleBlock><borderAlpha><double value="0.8"/></borderAlpha><borderColor><color value="#B0AFAF"/></borderColor><borderThickness><double value="20"/></borderThickness><fillType><fillType value="linear"/></fillType><gradEndAlpha><double value="0.8"/></gradEndAlpha><gradEndColor><color value="#F6F6F6"/></gradEndColor><gradStartAlpha><double value="0.8"/></gradStartAlpha><gradStartColor><color value="#F6F6F6"/></gradStartColor><padding><double value="1.03"/></padding><radius><double value="3"/></radius></styleBlock></styleBlock><styleSelector><simpleSelector value="zRectangleFrame"/></styleSelector></styleDeclaration><styleDeclaration><styleBlock><styleBlock><padding><double value="1.2"/></padding></styleBlock></styleBlock><styleSelector><simpleSelector value="zText"/></styleSelector></styleDeclaration><styleDeclaration><styleBlock><styleBlock><color><color value="#333333"/></color><fontClass><string value="body"/></fontClass></styleBlock></styleBlock><styleSelector><simpleSelector value="zText.body"/></styleSelector></styleDeclaration><styleDeclaration><styleBlock><styleBlock><backgroundAlpha><double value="0.9"/></backgroundAlpha><backgroundColor><color value="#F2F2F2"/></backgroundColor><backgroundPadding><double value="5"/></backgroundPadding></styleBlock></styleBlock><styleSelector><simpleSelector value="zText.body-background"/></styleSelector></styleDeclaration><styleDeclaration><styleBlock><styleBlock><color><color value="#333333"/></color><fontClass><string value="head"/></fontClass></styleBlock></styleBlock><styleSelector><simpleSelector value="zText.title"/></styleSelector></styleDeclaration><styleDeclaration><styleBlock><styleBlock><backgroundAlpha><double value="0.9"/></backgroundAlpha><backgroundColor><color value="#F2F2F2"/></backgroundColor><backgroundPadding><double value="5"/></backgroundPadding></styleBlock></styleBlock><styleSelector><simpleSelector value="zText.title-background"/></styleSelector></styleDeclaration><styleDeclaration><styleBlock><styleBlock><color><color value="#333333"/></color><fontClass><string value="strong"/></fontClass></styleBlock></styleBlock><styleSelector><simpleSelector value="zText.subtitle"/></styleSelector></styleDeclaration><styleDeclaration><styleBlock><styleBlock><backgroundAlpha><double value="0.9"/></backgroundAlpha><backgroundColor><color value="#F2F2F2"/></backgroundColor><backgroundPadding><double value="5"/></backgroundPadding></styleBlock></styleBlock><styleSelector><simpleSelector value="zText.subtitle-background"/></styleSelector></styleDeclaration><styleDeclaration><styleBlock><styleBlock><color><color value="#333333"/></color></styleBlock></styleBlock><styleSelector><simpleSelector value="zLine"/></styleSelector></styleDeclaration><styleDeclaration><styleBlock><styleBlock><alpha><double value="0.5"/></alpha><color><color value="#318BFF"/></color></styleBlock></styleBlock><styleSelector><simpleSelector value="zMarker"/></styleSelector></styleDeclaration><styleDeclaration><styleBlock><styleBlock><borderColor><color value="#333333"/></borderColor><borderThickness><double value="1"/></borderThickness><gradEndAlpha><double value="1"/></gradEndAlpha><gradStartAlpha><double value="1"/></gradStartAlpha><radius><double value="30"/></radius></styleBlock></styleBlock><styleSelector><simpleSelector value="zTriangle"/></styleSelector></styleDeclaration><styleDeclaration><styleBlock><styleBlock><borderColor><color value="#333333"/></borderColor><borderThickness><double value="1"/></borderThickness><gradEndAlpha><double value="1"/></gradEndAlpha><gradStartAlpha><double value="1"/></gradStartAlpha><radius><double value="30"/></radius></styleBlock></styleBlock><styleSelector><simpleSelector value="zSquare"/></styleSelector></styleDeclaration><styleDeclaration><styleBlock><styleBlock><fontClass><string value="custom-questrial"/></fontClass></styleBlock></styleBlock><styleSelector><simpleSelector value="#10"/></styleSelector></styleDeclaration><styleDeclaration><styleBlock><styleBlock><fontClass><string value="custom-questrial"/></fontClass></styleBlock></styleBlock><styleSelector><simpleSelector value="#15"/></styleSelector></styleDeclaration><styleDeclaration><styleBlock><styleBlock><thickness><double value="8"/></thickness></styleBlock></styleBlock><styleSelector><simpleSelector value="#16"/></styleSelector></styleDeclaration><styleDeclaration><styleBlock><styleBlock><thickness><double value="8"/></thickness></styleBlock></styleBlock><styleSelector><simpleSelector value="#17"/></styleSelector></styleDeclaration><styleDeclaration><styleBlock><styleBlock><thickness><double value="8"/></thickness></styleBlock></styleBlock><styleSelector><simpleSelector value="#30_24309637"/></styleSelector></styleDeclaration><styleDeclaration><styleBlock><styleBlock><fontClass><string value="custom-questrial"/></fontClass></styleBlock></styleBlock><styleSelector><simpleSelector value="#34_24309637"/></styleSelector></styleDeclaration><styleDeclaration><styleBlock><styleBlock><thickness><double value="8"/></thickness></styleBlock></styleBlock><styleSelector><simpleSelector value="#36_24309637"/></styleSelector></styleDeclaration><styleDeclaration><styleBlock><styleBlock><thickness><double value="8"/></thickness></styleBlock></styleBlock><styleSelector><simpleSelector value="#37_24309637"/></styleSelector></styleDeclaration><styleDeclaration><styleBlock><styleBlock><fontClass><string value="custom-questrial"/></fontClass></styleBlock></styleBlock><styleSelector><simpleSelector value="#4"/></styleSelector></styleDeclaration><styleDeclaration><styleBlock><styleBlock><fontClass><string value="custom-questrial"/></fontClass></styleBlock></styleBlock><styleSelector><simpleSelector value="#45_24309637"/></styleSelector></styleDeclaration><styleDeclaration><styleBlock><styleBlock><fontClass><string value="custom-questrial"/></fontClass></styleBlock></styleBlock><styleSelector><simpleSelector value="#4_120153775"/></styleSelector></styleDeclaration><styleDeclaration><styleBlock><styleBlock><thickness><double value="8"/></thickness></styleBlock></styleBlock><styleSelector><simpleSelector value="#5"/></styleSelector></styleDeclaration><styleDeclaration><styleBlock><styleBlock><fontClass><string value="custom-questrial"/></fontClass></styleBlock></styleBlock><styleSelector><simpleSelector value="#50_24309637"/></styleSelector></styleDeclaration><styleDeclaration><styleBlock><styleBlock><fontClass><string value="custom-questrial"/></fontClass></styleBlock></styleBlock><styleSelector><simpleSelector value="#56_24309637"/></styleSelector></styleDeclaration><styleDeclaration><styleBlock><styleBlock><thickness><double value="8"/></thickness></styleBlock></styleBlock><styleSelector><simpleSelector value="#5_120153775"/></styleSelector></styleDeclaration><styleDeclaration><styleBlock><styleBlock><fontClass><string value="custom-questrial"/></fontClass></styleBlock></styleBlock><styleSelector><simpleSelector value="#5_24309637"/></styleSelector></styleDeclaration><styleDeclaration><styleBlock><styleBlock><thickness><double value="8"/></thickness></styleBlock></styleBlock><styleSelector><simpleSelector value="#60_24309637"/></styleSelector></styleDeclaration><styleDeclaration><styleBlock><styleBlock><thickness><double value="8"/></thickness></styleBlock></styleBlock><styleSelector><simpleSelector value="#61_24309637"/></styleSelector></styleDeclaration><styleDeclaration><styleBlock><styleBlock><fontClass><string value="custom-questrial"/></fontClass></styleBlock></styleBlock><styleSelector><simpleSelector value="#63_24309637"/></styleSelector></styleDeclaration><styleDeclaration><styleBlock><styleBlock><fontClass><string value="custom-questrial"/></fontClass></styleBlock></styleBlock><styleSelector><simpleSelector value="#68_24309637"/></styleSelector></styleDeclaration><styleDeclaration><styleBlock><styleBlock><fontClass><string value="custom-questrial"/></fontClass></styleBlock></styleBlock><styleSelector><simpleSelector value="#73_24309637"/></styleSelector></styleDeclaration><styleDeclaration><styleBlock><styleBlock><thickness><double value="8"/></thickness></styleBlock></styleBlock><styleSelector><simpleSelector value="#76_24309637"/></styleSelector></styleDeclaration><styleDeclaration><styleBlock><styleBlock><fontClass><string value="custom-questrial"/></fontClass></styleBlock></styleBlock><styleSelector><simpleSelector value="#8_120153775"/></styleSelector></styleDeclaration><styleDeclaration><styleBlock><styleBlock><thickness><double value="8"/></thickness></styleBlock></styleBlock><styleSelector><simpleSelector value="#9_120153775"/></styleSelector></styleDeclaration></array></styleDeclarations></documentStyle></documentStyle><path><array><flyToObject><target><ref value="114_24309637"/></target></flyToObject><flyToObject><target><ref value="42_24309637"/></target></flyToObject><flyToObject><target><ref value="0_120153775"/></target></flyToObject><flyToObject><target><ref value="47_24309637"/></target></flyToObject><flyToObject><target><ref value="58_24309637"/></target></flyToObject><flyToObject><target><ref value="0"/></target></flyToObject><flyToObject><target><ref value="2_120153775"/></target></flyToObject><flyToObject><target><ref value="6"/></target></flyToObject><flyToObject><target><ref value="65_24309637"/></target></flyToObject><flyToObject><target><ref value="70_24309637"/></target></flyToObject><flyToObject><target><ref value="53_24309637"/></target></flyToObject><flyToObject><target><ref value="31_24309637"/></target></flyToObject><flyToObject><target><ref value="11"/></target></flyToObject><flyToObject><target><ref value="114_24309637"/></target></flyToObject></array></path><zObjects><array><zLine><id><string value="37_24309637"/></id><localToWorld><transform2D x="1846.866394817634" y="-7094.365677468012" scale="7.991072527016938" rotation="0.45225267107422557"/></localToWorld><startEndDistance><double value="-243.83015020176356"/></startEndDistance><styleClasses><array><token value="line1"/></array></styleClasses></zLine><zLine><id><string value="36_24309637"/></id><localToWorld><transform2D x="6934.171706541299" y="-7277.8480007593935" scale="7.991072527016944" rotation="-0.7044220311071046"/></localToWorld><startEndDistance><double value="263.63703005296946"/></startEndDistance><styleClasses><array><token value="line1"/></array></styleClasses></zLine><zLine><id><string value="30_24309637"/></id><localToWorld><transform2D x="5702.640538446664" y="-3038.512114086294" scale="7.991072527016939" rotation="-2.134503082153145"/></localToWorld><startEndDistance><double value="-249.5070044518735"/></startEndDistance><styleClasses><array><token value="line1"/></array></styleClasses></zLine><zLine><id><string value="60_24309637"/></id><localToWorld><transform2D x="-5772.398206899261" y="-545.4282357545973" scale="7.991072527016921" rotation="-0.7044220311071044"/></localToWorld><startEndDistance><double value="449.01157468526515"/></startEndDistance><styleClasses><array><token value="line1"/></array></styleClasses></zLine><zInvisibleFrame><height><double value="519.6579447172824"/></height><id><string value="114_24309637"/></id><localToWorld><transform2D x="4.869986942422724" y="0" scale="50.92624533811036" rotation="0"/></localToWorld><styleClasses><array><token value="invisible"/></array></styleClasses><width><double value="923.8363461640572"/></width></zInvisibleFrame><zLine><id><string value="61_24309637"/></id><localToWorld><transform2D x="68.73267726292396" y="-3768.040576395563" scale="7.991072527016913" rotation="-0.331254939498161"/></localToWorld><startEndDistance><double value="-606.013812951415"/></startEndDistance><styleClasses><array><token value="line1"/></array></styleClasses></zLine><zLine><id><string value="76_24309637"/></id><localToWorld><transform2D x="-6808.510840589302" y="-3314.5663598714564" scale="7.991072527016929" rotation="-2.9435504930421255"/></localToWorld><startEndDistance><double value="-410.68855074174087"/></startEndDistance><styleClasses><array><token value="line1"/></array></styleClasses></zLine><zRectangleFrame><height><double value="600"/></height><id><string value="42_24309637"/></id><localToWorld><transform2D x="-7747.713189534085" y="1621.0806329969546" scale="3.0923892579647467" rotation="0"/></localToWorld><styleClasses><array><token value="roundrect"/></array></styleClasses><width><double value="942.5250396313932"/></width></zRectangleFrame><zImage><assetSourceFilename><string value="http://0103.static.prezi.com.s3.amazonaws.com/media/0/e/f/cb324dcf8d306f7580512f0bd4a0a5af5ad3e.jpg"/></assetSourceFilename><height><double value="338"/></height><id><string value="46_24309637"/></id><localToWorld><transform2D x="-8738.538270704674" y="1663.58803705347" scale="4.6280809868191275" rotation="-8.990874711916538E-18"/></localToWorld><mask><rectangle x="93" y="0" w="159" h="305"/></mask><onlineAssetId><string value="4808601375"/></onlineAssetId><onlineAssetUrl><string value="http://0103.static.prezi.com.s3.amazonaws.com/media/0/e/f/cb324dcf8d306f7580512f0bd4a0a5af5ad3e.jpg"/></onlineAssetUrl><width><double value="338"/></width></zImage><zRectangleFrame><height><double value="600"/></height><id><string value="47_24309637"/></id><localToWorld><transform2D x="-9833.24929095934" y="-3761.5797096249594" scale="3.1241965308656643" rotation="0"/></localToWorld><styleClasses><array><token value="roundrect"/></array></styleClasses><width><double value="942.5250396313932"/></width></zRectangleFrame><zText><id><string value="44_24309637"/></id><localToWorld><transform2D x="-7354.092513493858" y="1530.3904014327595" scale="3.515508724284546" rotation="-6.433841346711357E-18"/></localToWorld><styleClasses><array><token value="body"/></array></styleClasses><text><text><width>555.949258622854</width><p indent="1" listType="bullet"><span><![CDATA[Die Idee hinter dem Projekt war eine Community zu erstellen, die sich gegenseitig Ideen für passende Hashtags gibt]]></span></p><p indent="1" listType="bullet"><span><![CDATA[Oft fällt einem selber nichts ein]]></span></p><p indent="1" listType="bullet"><span><![CDATA[Einfallsreiche, kreative und witzige neue Hashtags können dadurch entstehen]]></span></p><p indent="1" listType="bullet"><span><![CDATA[internationale Verbreitung, deswegen als Grundlage die englische Sprache]]></span></p></text></text></zText><zText><id><string value="45_24309637"/></id><localToWorld><transform2D x="-7749.200491066179" y="832.8278748851592" scale="6.532937332374994" rotation="-5.111080477620137E-32"/></localToWorld><styleClasses><array><token value="subtitle"/><token value="subtitle-background"/></array></styleClasses><text><text><width>427.7173757079804</width><p><span><![CDATA[Projektidee]]></span></p></text></text></zText><zText><id><string value="49_24309637"/></id><localToWorld><transform2D x="-9882.114461960246" y="-3989.8140849897186" scale="4.583210799643367" rotation="-6.433841346711357E-18"/></localToWorld><styleClasses><array><token value="body"/></array></styleClasses><text><text><width>555.949258622854</width><p indent="1" listType="bullet"><span><![CDATA[Hochladen von Bildern/Texten]]></span></p><p indent="1" listType="bullet"><span><![CDATA[Kommentieren der Bilder/Texte mit #]]></span></p><p indent="1" listType="bullet"><span><![CDATA[Login zur Verwaltung von eigenen Posts]]></span></p></text></text></zText><zText><id><string value="50_24309637"/></id><localToWorld><transform2D x="-9836.118810829495" y="-4560.116082822366" scale="6.249218497166379" rotation="-5.111080477620144E-32"/></localToWorld><styleClasses><array><token value="subtitle"/><token value="subtitle-background"/></array></styleClasses><text><text><width>454.10576459295976</width><p><span><![CDATA[Horizontaler Durchstich]]></span></p></text></text></zText><zRectangleFrame><height><double value="600"/></height><id><string value="58_24309637"/></id><localToWorld><transform2D x="-3752.15683933684" y="-2718.9014306318577" scale="3.0357272289809485" rotation="0"/></localToWorld><styleClasses><array><token value="roundrect"/></array></styleClasses><width><double value="942.5250396313932"/></width></zRectangleFrame><zRectangleFrame><height><double value="600"/></height><id><string value="53_24309637"/></id><localToWorld><transform2D x="-468.5743724630915" y="-8169.4287674445395" scale="3.1369426534832296" rotation="0"/></localToWorld><styleClasses><array><token value="roundrect"/></array></styleClasses><width><double value="942.5250396313932"/></width></zRectangleFrame><zImage><assetSourceFilename><string value="http://0103.static.prezi.com.s3.amazonaws.com/media/4/2/c/f5e7f6fd9011c337e4d5f8f1a4c33e649c5f0.jpg"/></assetSourceFilename><height><double value="500"/></height><id><string value="57_24309637"/></id><localToWorld><transform2D x="-1459.7330981832356" y="-8185.113598541218" scale="1.5665167771452289" rotation="-8.990874711916546E-18"/></localToWorld><mask><rectangle x="9" y="0" w="481" h="500"/></mask><onlineAssetId><string value="4808600135"/></onlineAssetId><onlineAssetUrl><string value="http://0103.static.prezi.com.s3.amazonaws.com/media/4/2/c/f5e7f6fd9011c337e4d5f8f1a4c33e649c5f0.jpg"/></onlineAssetUrl><width><double value="500"/></width></zImage><zText><id><string value="56_24309637"/></id><localToWorld><transform2D x="-468.0776856852281" y="-8974.040258202856" scale="6.256604321497964" rotation="-5.111080477620139E-32"/></localToWorld><styleClasses><array><token value="subtitle"/><token value="subtitle-background"/></array></styleClasses><text><text><width>454.10576459295976</width><p><span><![CDATA[Feed/Eingabe Hashtags]]></span></p></text></text></zText><zImage><assetSourceFilename><string value="http://0103.static.prezi.com.s3.amazonaws.com/media/5/8/4/1b11a4d094fce12fe2e78e06137358535152f.jpg"/></assetSourceFilename><height><double value="447"/></height><id><string value="64_24309637"/></id><localToWorld><transform2D x="-3784.733257698419" y="-2645.774466471502" scale="2.640530245635228" rotation="-8.990874711916552E-18"/></localToWorld><onlineAssetId><string value="4808697950"/></onlineAssetId><onlineAssetUrl><string value="http://0103.static.prezi.com.s3.amazonaws.com/media/5/8/4/1b11a4d094fce12fe2e78e06137358535152f.jpg"/></onlineAssetUrl><width><double value="934"/></width></zImage><zText><id><string value="63_24309637"/></id><localToWorld><transform2D x="-3752.3196536320975" y="-3498.4687053047437" scale="6.044751694974672" rotation="-5.111080477620149E-32"/></localToWorld><styleClasses><array><token value="subtitle"/><token value="subtitle-background"/></array></styleClasses><text><text><width>454.10576459295976</width><p><span><![CDATA[Use Cases]]></span></p></text></text></zText><zText><id><string value="5_24309637"/></id><localToWorld><transform2D x="379.4319048870141" y="9288.865917163404" scale="41.07425518124595" rotation="-5.111080477620142E-32"/></localToWorld><styleClasses><array><token value="subtitle"/><token value="subtitle-background"/></array></styleClasses><text><text><width>555.949258622854</width><p align="center"><span><![CDATA[Team Saltbae]]></span></p><p align="center"><span><![CDATA[Nicole, Anne & Olga]]></span></p></text></text></zText><zRectangleFrame><height><double value="600"/></height><id><string value="65_24309637"/></id><localToWorld><transform2D x="6766.75969103218" y="-1226.2381736325854" scale="3.80887744839318" rotation="0"/></localToWorld><styleClasses><array><token value="roundrect"/></array></styleClasses><width><double value="942.5250396313932"/></width></zRectangleFrame><zText><id><string value="4_24309637"/></id><localToWorld><transform2D x="-1.3453442451574264E-12" y="5976.887252690712" scale="139.32234539596277" rotation="-5.111080477620144E-32"/></localToWorld><styleClasses><array><token value="title"/></array></styleClasses><text><text><width>396.19250859336614</width><p align="center"><span><![CDATA[#ME]]></span></p></text></text></zText><zRectangleFrame><height><double value="600"/></height><id><string value="70_24309637"/></id><localToWorld><transform2D x="4488.690019997226" y="-5345.697002943212" scale="4.774399465759497" rotation="0"/></localToWorld><styleClasses><array><token value="roundrect"/></array></styleClasses><width><double value="942.5250396313932"/></width></zRectangleFrame><zText><id><string value="68_24309637"/></id><localToWorld><transform2D x="6767.350484958237" y="-2199.60626406801" scale="7.651034494160974" rotation="-5.111080477620146E-32"/></localToWorld><styleClasses><array><token value="subtitle"/><token value="subtitle-background"/></array></styleClasses><text><text><width>454.10576459295976</width><p><span><![CDATA[Login]]></span></p></text></text></zText><zImage><assetSourceFilename><string value="http://0103.static.prezi.com.s3.amazonaws.com/media/a/5/c/f26ece9340be9a71b12b5a6af886442702030.png"/></assetSourceFilename><height><double value="562"/></height><id><string value="69_24309637"/></id><localToWorld><transform2D x="5606.478033835644" y="-1329.0069399882354" scale="1.6922291005612151" rotation="-8.990874711916549E-18"/></localToWorld><onlineAssetId><string value="4808598694"/></onlineAssetId><onlineAssetUrl><string value="http://0103.static.prezi.com.s3.amazonaws.com/media/a/5/c/f26ece9340be9a71b12b5a6af886442702030.png"/></onlineAssetUrl><width><double value="563"/></width></zImage><zText><id><string value="73_24309637"/></id><localToWorld><transform2D x="4489.167083772727" y="-6570.532477276685" scale="9.564101638645552" rotation="-5.111080477620142E-32"/></localToWorld><styleClasses><array><token value="subtitle"/><token value="subtitle-background"/></array></styleClasses><text><text><width>454.10576459295976</width><p><span><![CDATA[Upload]]></span></p></text></text></zText><zRectangleFrame><height><double value="600"/></height><id><string value="31_24309637"/></id><localToWorld><transform2D x="8954.527763722976" y="-8856.098756012463" scale="3.1369426534832296" rotation="0"/></localToWorld><styleClasses><array><token value="roundrect"/></array></styleClasses><width><double value="942.5250396313932"/></width></zRectangleFrame><zText><id><string value="32_24309637"/></id><isPlaceholder><bool value="true"/></isPlaceholder><localToWorld><transform2D x="7921.248091866349" y="-8612.835776571079" scale="2.177268049526429" rotation="-6.433841346711353E-18"/></localToWorld><styleClasses><array><token value="subtitle"/><token value="subtitle-background"/></array></styleClasses><text><text><width>327.764807352207</width><p align="center"><span><![CDATA[Klicken, um Text hinzuzufügen]]></span></p></text></text></zText><zText><id><string value="34_24309637"/></id><localToWorld><transform2D x="8955.024450500838" y="-9660.845077115528" scale="6.320809247568835" rotation="-5.111080477620141E-32"/></localToWorld><styleClasses><array><token value="subtitle"/><token value="subtitle-background"/></array></styleClasses><text><text><width>454.10576459295976</width><p><span><![CDATA[Benutzerprofil]]></span></p></text></text></zText><zImage><assetSourceFilename><string value="http://0103.static.prezi.com.s3.amazonaws.com/converted/1/d/5/a2691a93835c910ffcc6ee58a04b8b624cb24.jpe"/></assetSourceFilename><height><double value="204"/></height><id><string value="35_24309637"/></id><localToWorld><transform2D x="7921.951934345081" y="-9067.831169174322" scale="3.839501904767714" rotation="-8.99087471191655E-18"/></localToWorld><mask><rectangle x="3" y="0" w="196" h="204"/></mask><onlineAssetId><string value="4808599591"/></onlineAssetId><onlineAssetUrl><string value="http://0103.static.prezi.com.s3.amazonaws.com/converted/1/d/5/a2691a93835c910ffcc6ee58a04b8b624cb24.jpe"/></onlineAssetUrl><width><double value="204"/></width></zImage><zRectangleFrame><height><double value="600"/></height><id><string value="0"/></id><localToWorld><transform2D x="-5329.069489002563" y="-7812.25685628521" scale="3.0923892579647467" rotation="0"/></localToWorld><styleClasses><array><token value="roundrect"/></array></styleClasses><width><double value="942.5250396313932"/></width></zRectangleFrame><zImage><assetSourceFilename><string value="http://0103.static.prezi.com.s3.amazonaws.com/media/6/2/f/0898ff5edcf1e7071de7fb3a6ce1f154dec6e.jpg"/></assetSourceFilename><height><double value="240"/></height><id><string value="1"/></id><localToWorld><transform2D x="-6334.540665087457" y="-7929.992754794198" scale="3.217224665582175" rotation="-8.99087471191654E-18"/></localToWorld><mask><rectangle x="84" y="0" w="231" h="240"/></mask><onlineAssetId><string value="4808602599"/></onlineAssetId><onlineAssetUrl><string value="http://0103.static.prezi.com.s3.amazonaws.com/media/6/2/f/0898ff5edcf1e7071de7fb3a6ce1f154dec6e.jpg"/></onlineAssetUrl><width><double value="400"/></width></zImage><zText><id><string value="2"/></id><isPlaceholder><bool value="true"/></isPlaceholder><localToWorld><transform2D x="-6335.811042800382" y="-7473.852057440363" scale="2.1463447285493658" rotation="-6.433841346711346E-18"/></localToWorld><styleClasses><array><token value="subtitle"/><token value="subtitle-background"/></array></styleClasses><text><text><width>327.764807352207</width><p align="center"><span><![CDATA[Klicken, um Text hinzuzufügen]]></span></p></text></text></zText><zText><id><string value="3"/></id><localToWorld><transform2D x="-4946.97368399003" y="-7802.081447774352" scale="3.515508724284546" rotation="-6.433841346711358E-18"/></localToWorld><styleClasses><array><token value="body"/></array></styleClasses><text><text><width>555.949258622854</width><p indent="1" listType="bullet"><span><![CDATA[Anlegen von Issues bei Git]]></span></p><p indent="1" listType="bullet"><span><![CDATA[Issues entsprachen den Sprints]]></span></p><p indent="1" listType="bullet"><span><![CDATA[klare Aufteilung der Aufgaben untereinander]]></span></p><p indent="1" listType="bullet"><span><![CDATA[falls man nicht weitergekommen ist, konnte man Kontakt über die Whatsapp Gruppe zu den anderen aufnehmen]]></span></p><p indent="1" listType="bullet"><span><![CDATA[jeder hat seine Entwicklungen in eigenen Branches erarbeitet, diese wurden anschließend zusammen geführt]]></span></p><p indent="1" listType="bullet"><span><![CDATA[bei Fragen an André gewendet]]></span></p></text></text></zText><zText><id><string value="4"/></id><localToWorld><transform2D x="-5330.556790534659" y="-8600.509614397004" scale="6.532937332374994" rotation="-5.11108047762014E-32"/></localToWorld><styleClasses><array><token value="subtitle"/><token value="subtitle-background"/></array></styleClasses><text><text><width>427.7173757079804</width><p><span><![CDATA[Projektmanagement]]></span></p></text></text></zText><zLine><id><string value="5"/></id><localToWorld><transform2D x="-4560.062599119853" y="-5280.98070929319" scale="7.991072527016931" rotation="-1.78581389214579"/></localToWorld><startEndDistance><double value="-407.1379958412877"/></startEndDistance><styleClasses><array><token value="line1"/></array></styleClasses></zLine><zRectangleFrame><height><double value="600"/></height><id><string value="6"/></id><localToWorld><transform2D x="1591.928389428862" y="1502.862054349347" scale="3.9724752919706345" rotation="0"/></localToWorld><styleClasses><array><token value="roundrect"/></array></styleClasses><width><double value="942.5250396313932"/></width></zRectangleFrame><zImage><assetSourceFilename><string value="http://0103.static.prezi.com.s3.amazonaws.com/media/2/d/9/5dae41295b208bc59984ccaf284f4176246e4.png"/></assetSourceFilename><height><double value="650"/></height><id><string value="7"/></id><localToWorld><transform2D x="716.8082364340595" y="1571.6841154545382" scale="2.9383063022296168" rotation="-8.99087471191654E-18"/></localToWorld><mask><rectangle x="11" y="0" w="626" h="650"/></mask><onlineAssetId><string value="4808597644"/></onlineAssetId><onlineAssetUrl><string value="http://0103.static.prezi.com.s3.amazonaws.com/media/2/d/9/5dae41295b208bc59984ccaf284f4176246e4.png"/></onlineAssetUrl><width><double value="650"/></width></zImage><zText><id><string value="9"/></id><localToWorld><transform2D x="2592.918798180358" y="1456.8677415122786" scale="4.977588632277118" rotation="-6.433841346711356E-18"/></localToWorld><styleClasses><array><token value="body"/></array></styleClasses><text><text><width>387.5521417537436</width><p indent="1" listType="bullet"><span><![CDATA[node.js]]></span></p><p indent="1" listType="bullet"><span><![CDATA[ejs]]></span></p><p indent="1" listType="bullet"><span><![CDATA[mongodb]]></span></p><p indent="1" listType="bullet"><span><![CDATA[css]]></span></p><p indent="1" listType="bullet"><span><![CDATA[bootstrap]]></span></p></text></text></zText><zImage><assetSourceFilename><string value="http://0103.static.prezi.com.s3.amazonaws.com/converted/7/2/6/9a197ea0e2571adb127309a8e32f7e0e677cb.jpe"/></assetSourceFilename><height><double value="300"/></height><id><string value="12"/></id><localToWorld><transform2D x="10451.974656017095" y="1516.7958747207983" scale="4.352041699196484" rotation="-8.990874711916537E-18"/></localToWorld><mask><rectangle x="4" y="0" w="357" h="300"/></mask><onlineAssetId><string value="4808601040"/></onlineAssetId><onlineAssetUrl><string value="http://0103.static.prezi.com.s3.amazonaws.com/converted/7/2/6/9a197ea0e2571adb127309a8e32f7e0e677cb.jpe"/></onlineAssetUrl><width><double value="400"/></width></zImage><zText><id><string value="10"/></id><localToWorld><transform2D x="1590.017805703757" y="490.274587437861" scale="8.392194504624703" rotation="-5.111080477620139E-32"/></localToWorld><styleClasses><array><token value="subtitle"/><token value="subtitle-background"/></array></styleClasses><text><text><width>427.7173757079804</width><p><span><![CDATA[Architektur]]></span></p></text></text></zText><zRectangleFrame><height><double value="600"/></height><id><string value="11"/></id><localToWorld><transform2D x="12022.981138869984" y="1820.7988006365265" scale="5.228966111997697" rotation="0"/></localToWorld><styleClasses><array><token value="roundrect"/></array></styleClasses><width><double value="942.5250396313932"/></width></zRectangleFrame><zText><id><string value="13"/></id><isPlaceholder><bool value="true"/></isPlaceholder><localToWorld><transform2D x="10320.66715792784" y="2393.0124120826154" scale="3.629285615109154" rotation="-6.4338413467113486E-18"/></localToWorld><styleClasses><array><token value="subtitle"/><token value="subtitle-background"/></array></styleClasses><text><text><width>327.764807352207</width><p align="center"><span><![CDATA[Klicken, um Text hinzuzufügen]]></span></p></text></text></zText><zText><id><string value="14"/></id><localToWorld><transform2D x="12815.925835177351" y="1263.5787058254475" scale="5.944424990602431" rotation="-6.433841346711357E-18"/></localToWorld><styleClasses><array><token value="body"/></array></styleClasses><text><text><width>498.249258622854</width><p indent="1" listType="bullet"><span><![CDATA[Teilen auf Facebook der eigenen Posts]]></span></p><p indent="1" listType="bullet"><span><![CDATA[Kategorienauswahl auf der Feedseite]]></span></p><p/></text></text></zText><zText><id><string value="15"/></id><localToWorld><transform2D x="12020.46623901072" y="487.9307119121399" scale="11.04663904610643" rotation="-5.11108047762014E-32"/></localToWorld><styleClasses><array><token value="subtitle"/><token value="subtitle-background"/></array></styleClasses><text><text><width>427.7173757079804</width><p><span><![CDATA[Ausblick]]></span></p></text></text></zText><zLine><id><string value="16"/></id><localToWorld><transform2D x="2606.180172766932" y="-1816.5891891510869" scale="7.991072527016935" rotation="-1.1347534903517884"/></localToWorld><startEndDistance><double value="-575.9192732068634"/></startEndDistance><styleClasses><array><token value="line1"/></array></styleClasses></zLine><zLine><id><string value="17"/></id><localToWorld><transform2D x="9777.088630946935" y="-399.0723483843456" scale="7.991072527016942" rotation="-2.689339982515567"/></localToWorld><startEndDistance><double value="-333.1201592272789"/></startEndDistance><styleClasses><array><token value="line1"/></array></styleClasses></zLine><zRectangleFrame><height><double value="600"/></height><id><string value="0_120153775"/></id><localToWorld><transform2D x="-11722.233618361684" y="4257.862100437133" scale="2.099423446172924" rotation="0"/></localToWorld><styleClasses><array><token value="roundrect"/></array></styleClasses><width><double value="942.5250396313932"/></width></zRectangleFrame><zImage><assetSourceFilename><string value="http://0103.static.prezi.com.s3.amazonaws.com/media/4/0/1/9a653dd35def2dc5b47feee8b98424e36efad.PNG"/></assetSourceFilename><height><double value="574"/></height><id><string value="1_120153775"/></id><localToWorld><transform2D x="-11707.373754650987" y="4292.892033520483" scale="1.5214746967093988" rotation="-8.990874711916541E-18"/></localToWorld><mask><rectangle x="0" y="0" w="1017" h="571"/></mask><onlineAssetId><string value="4808594643"/></onlineAssetId><onlineAssetUrl><string value="http://0103.static.prezi.com.s3.amazonaws.com/media/4/0/1/9a653dd35def2dc5b47feee8b98424e36efad.PNG"/></onlineAssetUrl><width><double value="1017"/></width></zImage><zText><id><string value="4_120153775"/></id><localToWorld><transform2D x="-11723.24334755408" y="3722.7172063627263" scale="4.4352119554939975" rotation="-5.111080477620141E-32"/></localToWorld><styleClasses><array><token value="subtitle"/><token value="subtitle-background"/></array></styleClasses><text><text><width>427.7173757079804</width><p><span><![CDATA[Projektidee]]></span></p></text></text></zText><zLine><id><string value="5_120153775"/></id><localToWorld><transform2D x="-9951.380885409038" y="3098.0626754221976" scale="7.9910725270169225" rotation="-0.45272100826507095"/></localToWorld><startEndDistance><double value="-293.9406633690211"/></startEndDistance><styleClasses><array><token value="line1"/></array></styleClasses></zLine><zRectangleFrame><height><double value="600"/></height><id><string value="2_120153775"/></id><localToWorld><transform2D x="-8187.157093148688" y="-10335.803016871538" scale="1.470264846553015" rotation="0"/></localToWorld><styleClasses><array><token value="roundrect"/></array></styleClasses><width><double value="942.5250396313932"/></width></zRectangleFrame><zImage><assetSourceFilename><string value="http://0103.static.prezi.com.s3.amazonaws.com/media/f/2/1/f06b5b5b5ce3e1916fca63eee4cc3f04425f0.jpg"/></assetSourceFilename><height><double value="426"/></height><id><string value="3_120153775"/></id><localToWorld><transform2D x="-8200.243872768075" y="-10331.779573299234" scale="1.2064587721030704" rotation="-8.990874711916541E-18"/></localToWorld><onlineAssetId><string value="4808691782"/></onlineAssetId><onlineAssetUrl><string value="http://0103.static.prezi.com.s3.amazonaws.com/media/f/2/1/f06b5b5b5ce3e1916fca63eee4cc3f04425f0.jpg"/></onlineAssetUrl><width><double value="865"/></width></zImage><zText><id><string value="8_120153775"/></id><localToWorld><transform2D x="-8187.864225070465" y="-10710.574827200806" scale="3.1060604934471936" rotation="-5.11108047762014E-32"/></localToWorld><styleClasses><array><token value="subtitle"/><token value="subtitle-background"/></array></styleClasses><text><text><width>427.7173757079804</width><p><span><![CDATA[Projektmanagement]]></span></p></text></text></zText><zLine><id><string value="9_120153775"/></id><localToWorld><transform2D x="-7230.881252726133" y="-9313.986447515896" scale="7.991072527016926" rotation="-2.134503082153144"/></localToWorld><startEndDistance><double value="-169.54443028901534"/></startEndDistance><styleClasses><array><token value="line1"/></array></styleClasses></zLine><zText><id><string value="0_258290403"/></id><localToWorld><transform2D x="7191.375985022379" y="-1161.054560368598" scale="4.772597359429645" rotation="-6.433841346711357E-18"/></localToWorld><styleClasses><array><token value="body"/></array></styleClasses><text><text><width>387.5521417537436</width><p indent="1" listType="bullet"><span><![CDATA[Anmeldung durch Facebook Account]]></span></p><p indent="1" listType="bullet"><span><![CDATA[verwendetes Modul: @akoenig/sso]]></span></p><p indent="1" listType="bullet"><span><![CDATA[Request: Benutzername und Benutzer ID]]></span></p><p indent="1" listType="bullet"><span><![CDATA[Benutzer ID in die DB schreiben -> Überprüfen, ob Nutzer schon in DB steht]]></span></p><p indent="1" listType="bullet"><span><![CDATA[Response: Weiterleitung auf Profilseite]]></span></p></text></text></zText><zText><id><string value="2_258290403"/></id><localToWorld><transform2D x="4192.869625573812" y="-5474.811134854516" scale="6.6762199579009796" rotation="-6.433841346711356E-18"/></localToWorld><styleClasses><array><token value="body"/></array></styleClasses><text><text><width>474.3021417537436</width><p indent="1" listType="bullet"><span><![CDATA[Bilder und Texte können hochgeladen werden]]></span></p><p indent="1" listType="bullet"><span><![CDATA[verwendetes Modul: Multer]]></span></p><p indent="1" listType="bullet"><span><![CDATA[Request: (Bild) filename, mimetype, size                       (Text) inputText]]></span></p><p indent="1" listType="bullet"><span><![CDATA[Filename, Typ, Größe oder Textinhalt in die DB schreiben]]></span></p><p indent="1" listType="bullet"><span><![CDATA[Response: Aktualisierung der Feedseite]]></span></p></text></text></zText><zText><id><string value="3_258290403"/></id><localToWorld><transform2D x="-252.9687206038823" y="-8306.856333836968" scale="3.930650021573189" rotation="-6.433841346711357E-18"/></localToWorld><styleClasses><array><token value="body"/></array></styleClasses><text><text><width>387.5521417537436</width><p indent="1" listType="bullet"><span><![CDATA[Beiträge können mit Hashtags kommentiert werden]]></span></p><p indent="1" listType="bullet"><span><![CDATA[Request: Inhalt Hashtags]]></span></p><p indent="1" listType="bullet"><span><![CDATA[Hashtags werden in die DB gespeichert]]></span></p><p indent="1" listType="bullet"><span><![CDATA[Response: Aktualisierung der Feedseite]]></span></p></text></text></zText><zText><id><string value="5_258290403"/></id><localToWorld><transform2D x="9279.62790312308" y="-8968.108686807625" scale="3.930650021573189" rotation="-6.433841346711357E-18"/></localToWorld><styleClasses><array><token value="body"/></array></styleClasses><text><text><width>387.5521417537436</width><p indent="1" listType="bullet"><span><![CDATA[durch das Login mit dem Facebook Account wird man auf die Profilseite geleitet]]></span></p><p indent="1" listType="bullet"><span><![CDATA[Benutzer muss angemeldet sein, um die eigenen Beiträge auf seiner Seite zu sehen]]></span></p><p indent="1" listType="bullet"><span><![CDATA[Beiträge können hier gelöscht werden]]></span></p></text></text></zText></array></zObjects></prezi>